filename,true_label,predicted_label,confidence
tile_001.png,Forest,Forest,0.99864465
tile_002.png,Forest,Forest,0.95311594
tile_003.png,Forest,Forest,0.9983486
tile_004.png,Forest,Forest,0.9981275
tile_005.png,Forest,Forest,0.99808323
tile_006.png,Forest,Forest,0.9962775
tile_007.png,Forest,Forest,0.99968755
tile_008.png,Forest,Forest,0.9932881
tile_009.png,Forest,SeaLake,0.9338031
tile_010.png,Forest,Forest,0.866046
tile_011.png,Forest,Forest,0.99981064
tile_012.png,Forest,Forest,0.9971521
tile_013.png,Forest,Forest,0.7152312
tile_014.png,Forest,Forest,0.9971608
tile_015.png,Forest,Forest,0.99789727
tile_016.png,Forest,Forest,0.99155945
tile_017.png,Forest,Forest,0.99876875
tile_018.png,Forest,Forest,0.9995888
tile_019.png,Forest,Forest,0.9987218
tile_020.png,Forest,Forest,0.97441405
tile_021.png,Forest,Forest,0.9989126
tile_022.png,Forest,Forest,0.9972572
tile_023.png,Forest,Forest,0.99699044
tile_024.png,Forest,Forest,0.99079204
tile_025.png,Forest,Forest,0.97436756
tile_026.png,Forest,Forest,0.9494854
tile_027.png,Forest,Forest,0.8709953
tile_028.png,Forest,Forest,0.88975805
tile_029.png,Forest,Forest,0.6158346
tile_030.png,Forest,Forest,0.9957008
tile_031.png,River,River,0.9672203
tile_032.png,River,River,0.78148925
tile_033.png,River,River,0.96848017
tile_034.png,River,Highway,0.9883682
tile_035.png,River,Highway,0.88072103
tile_036.png,River,River,0.9070301
tile_037.png,River,River,0.98156196
tile_038.png,River,River,0.9865357
tile_039.png,River,River,0.95663184
tile_040.png,River,River,0.9348717
tile_041.png,River,Highway,0.5575962
tile_042.png,River,River,0.8893569
tile_043.png,River,River,0.5657515
tile_044.png,River,River,0.54114974
tile_045.png,River,River,0.92017484
tile_046.png,River,River,0.9607741
tile_047.png,River,River,0.9725945
tile_048.png,River,River,0.99035746
tile_049.png,River,River,0.9809878
tile_050.png,River,Forest,0.50757337
tile_051.png,River,River,0.7093153
tile_052.png,River,River,0.86648846
tile_053.png,River,River,0.99332374
tile_054.png,River,River,0.955832
tile_055.png,River,River,0.8532877
tile_056.png,River,River,0.9686203
tile_057.png,River,AnnualCrop,0.9434138
tile_058.png,River,River,0.9893054
tile_059.png,River,River,0.9722951
tile_060.png,River,Highway,0.63627785
tile_061.png,Residential,Residential,0.99794227
tile_062.png,Residential,Residential,0.99361104
tile_063.png,Residential,Residential,0.9967604
tile_064.png,Residential,Residential,0.97443604
tile_065.png,Residential,Residential,0.9879529
tile_066.png,Residential,Residential,0.97221047
tile_067.png,Residential,Residential,0.96840924
tile_068.png,Residential,Residential,0.9901744
tile_069.png,Residential,Residential,0.999495
tile_070.png,Residential,Residential,0.99982697
tile_071.png,Residential,Residential,0.998922
tile_072.png,Residential,Residential,0.9521726
tile_073.png,Residential,Residential,0.9999461
tile_074.png,Residential,Residential,0.63958544
tile_075.png,Residential,Residential,0.9966928
tile_076.png,Residential,Residential,0.9999815
tile_077.png,Residential,Residential,0.9997322
tile_078.png,Residential,Residential,0.99869007
tile_079.png,Residential,Residential,0.99963224
tile_080.png,Residential,Residential,0.9999281
tile_081.png,Residential,Residential,0.9997609
tile_082.png,Residential,Residential,0.99843806
tile_083.png,Residential,Residential,0.99773884
tile_084.png,Residential,Residential,0.87703407
tile_085.png,Residential,Residential,0.99989796
tile_086.png,Residential,Residential,0.97516465
tile_087.png,Residential,Residential,0.9990054
tile_088.png,Residential,Residential,0.90639573
tile_089.png,Residential,Residential,0.99584574
tile_090.png,Residential,Residential,0.9997428
tile_091.png,Industrial,Industrial,0.9960685
tile_092.png,Industrial,Industrial,0.9530759
tile_093.png,Industrial,Industrial,0.9959014
tile_094.png,Industrial,Industrial,0.9312287
tile_095.png,Industrial,Industrial,0.9998004
tile_096.png,Industrial,Industrial,0.9989336
tile_097.png,Industrial,Industrial,0.9958754
tile_098.png,Industrial,Industrial,0.99974376
tile_099.png,Industrial,Residential,0.5434938
tile_100.png,Industrial,Industrial,0.99845195
tile_101.png,Industrial,Industrial,0.9947187
tile_102.png,Industrial,Industrial,0.99808866
tile_103.png,Industrial,Industrial,0.99906
tile_104.png,Industrial,Industrial,0.99796116
tile_105.png,Industrial,Industrial,0.9988965
tile_106.png,Industrial,Industrial,0.9877507
tile_107.png,Industrial,Industrial,0.9858824
tile_108.png,Industrial,Industrial,0.97981685
tile_109.png,Industrial,Industrial,0.8731238
tile_110.png,Industrial,Industrial,0.99367756
tile_111.png,Industrial,Highway,0.9190761
tile_112.png,Industrial,Industrial,0.5700169
tile_113.png,Industrial,Industrial,0.99491596
tile_114.png,Industrial,Industrial,0.9743953
tile_115.png,Industrial,Industrial,0.9887664
tile_116.png,Industrial,Industrial,0.9825624
tile_117.png,Industrial,Industrial,0.9888573
tile_118.png,Industrial,Industrial,0.9849664
tile_119.png,Industrial,Industrial,0.9987625
tile_120.png,Industrial,Industrial,0.998626
tile_121.png,AnnualCrop,AnnualCrop,0.9924051
tile_122.png,AnnualCrop,AnnualCrop,0.9964999
tile_123.png,AnnualCrop,AnnualCrop,0.9609095
tile_124.png,AnnualCrop,AnnualCrop,0.9911504
tile_125.png,AnnualCrop,AnnualCrop,0.71864945
tile_126.png,AnnualCrop,AnnualCrop,0.9915622
tile_127.png,AnnualCrop,AnnualCrop,0.72177625
tile_128.png,AnnualCrop,AnnualCrop,0.91117424
tile_129.png,AnnualCrop,AnnualCrop,0.97306836
tile_130.png,AnnualCrop,AnnualCrop,0.9987895
tile_131.png,AnnualCrop,AnnualCrop,0.98554766
tile_132.png,AnnualCrop,AnnualCrop,0.99546754
tile_133.png,AnnualCrop,AnnualCrop,0.9831081
tile_134.png,AnnualCrop,AnnualCrop,0.99970764
tile_135.png,AnnualCrop,AnnualCrop,0.9930178
tile_136.png,AnnualCrop,AnnualCrop,0.92316586
tile_137.png,AnnualCrop,AnnualCrop,0.6465361
tile_138.png,AnnualCrop,AnnualCrop,0.98975277
tile_139.png,AnnualCrop,AnnualCrop,0.99064493
tile_140.png,AnnualCrop,AnnualCrop,0.97321856
tile_141.png,AnnualCrop,AnnualCrop,0.6949445
tile_142.png,AnnualCrop,AnnualCrop,0.9223662
tile_143.png,AnnualCrop,AnnualCrop,0.98362136
tile_144.png,AnnualCrop,River,0.5242197
tile_145.png,AnnualCrop,AnnualCrop,0.9953791
tile_146.png,AnnualCrop,AnnualCrop,0.9951139
tile_147.png,AnnualCrop,AnnualCrop,0.99727976
tile_148.png,AnnualCrop,AnnualCrop,0.99473614
tile_149.png,AnnualCrop,AnnualCrop,0.9265785
tile_150.png,AnnualCrop,AnnualCrop,0.9869645
tile_151.png,SeaLake,SeaLake,0.98692894
tile_152.png,SeaLake,SeaLake,0.7917818
tile_153.png,SeaLake,SeaLake,0.99964654
tile_154.png,SeaLake,SeaLake,0.99801743
tile_155.png,SeaLake,SeaLake,0.99783546
tile_156.png,SeaLake,SeaLake,0.9975272
tile_157.png,SeaLake,SeaLake,0.99952257
tile_158.png,SeaLake,SeaLake,0.99484247
tile_159.png,SeaLake,SeaLake,0.6743935
tile_160.png,SeaLake,SeaLake,0.9940963
tile_161.png,SeaLake,SeaLake,0.9958252
tile_162.png,SeaLake,SeaLake,0.9987213
tile_163.png,SeaLake,SeaLake,0.9855532
tile_164.png,SeaLake,SeaLake,0.9801649
tile_165.png,SeaLake,SeaLake,0.9894343
tile_166.png,SeaLake,SeaLake,0.76837033
tile_167.png,SeaLake,SeaLake,0.99862504
tile_168.png,SeaLake,SeaLake,0.9998977
tile_169.png,SeaLake,SeaLake,0.99531966
tile_170.png,SeaLake,SeaLake,0.9778741
tile_171.png,SeaLake,SeaLake,0.9943052
tile_172.png,SeaLake,SeaLake,0.9523744
tile_173.png,SeaLake,SeaLake,0.99938107
tile_174.png,SeaLake,SeaLake,0.66571385
tile_175.png,SeaLake,SeaLake,0.99958247
tile_176.png,SeaLake,SeaLake,0.9854241
tile_177.png,SeaLake,SeaLake,0.99966526
tile_178.png,SeaLake,SeaLake,0.80282444
tile_179.png,SeaLake,SeaLake,0.9990903
tile_180.png,SeaLake,SeaLake,0.9990183
tile_181.png,Highway,AnnualCrop,0.7324189
tile_182.png,Highway,Highway,0.9894146
tile_183.png,Highway,Highway,0.97573507
tile_184.png,Highway,Highway,0.5167078
tile_185.png,Highway,River,0.83854514
tile_186.png,Highway,Highway,0.9748283
tile_187.png,Highway,Highway,0.96096385
tile_188.png,Highway,Highway,0.9573652
tile_189.png,Highway,Highway,0.98577696
tile_190.png,Highway,Highway,0.9843099
tile_191.png,Highway,AnnualCrop,0.71717596
tile_192.png,Highway,Highway,0.5546689
tile_193.png,Highway,River,0.6365619
tile_194.png,Highway,Highway,0.9615791
tile_195.png,Highway,Highway,0.5777099
tile_196.png,Highway,Highway,0.53045475
tile_197.png,Highway,Highway,0.9816961
tile_198.png,Highway,Highway,0.8885195
tile_199.png,Highway,Highway,0.8534211
tile_200.png,Highway,River,0.72886133
tile_201.png,Highway,Highway,0.9704761
tile_202.png,Highway,Highway,0.85055774
tile_203.png,Highway,Highway,0.98701894
tile_204.png,Highway,Highway,0.50703245
tile_205.png,Highway,Highway,0.96613944
tile_206.png,Highway,Highway,0.5737106
tile_207.png,Highway,Highway,0.98398167
tile_208.png,Highway,River,0.51792806
tile_209.png,Highway,Highway,0.968526
tile_210.png,Highway,Highway,0.84459525
